{
    "table":{
    "en": {
        "LANGUAGE_NAME": "Français",
        "LANGUAGE": "Langue",
        "INTERNET_CONNECTED": "On vient de trouver Internet.",
        "INTERNET_DISCONNECTED": "Nous sommes désolés, nous n'arrivons pas à nous connecter aux serveurs de Jackbox Games.<br>Veuillez vérifier que votre connexion internet fonctionne correctement.",
        "ROOM_DESTROYED": "Nous sommes désolés, une erreur réseau s'est produite et votre salle a été détruite.<br>Veuillez vérifier que votre connexion internet fonctionne correctement.",
        "SOCKET_DISCONNECTED ": "Nous sommes désolés, nous avons perdu votre connexion aux serveurs de Jackbox Games.",
        "TIMEOUT": "Nous sommes désolés, nous n'arrivons pas à nous connecter aux serveurs de Jackbox Games.<br>Veuillez vérifier que votre connexion internet fonctionne correctement.",
        "USER_DISCONNECT": "Nous sommes désolés, le serveur vous a déconnecté. Merci d'essayer de nouveau.",
        "LOST_LICENSE": "Nous sommes désolés, nous avons perdu la licence pour ce contenu!",
        "STEAM_ERROR": "Nous sommes désolés, nous n'avons pas pu valider votre licence Steam.",
        "TWITCH_PRIME_ERROR": "Nous sommes désolés, nous n'avons pas pu valider votre licence Twitch Prime.",
        "LOST_DLC": "Nous sommes désolés, la licence de votre DLC n'a pas pu être trouvée. Retour au menu...",
        "BACK": "Retour",
        "CLOSE": "Fermer",
        "CANCEL": "Annuler",
        "SELECT": "Sélectionner",
        "OR": "Ou",
        "ON": "Activé",
        "OFF": "Désactivé",
        "HIDE": "Cacher",
        "UNHIDE": "Afficher",
        "HIDDEN_ROOM_CODE": "?????",
        "JOIN": "Rejoindre!",
        "PLAY": "Jouer",
        "SETTINGS": "Paramètres",
        "BACK_TO_PACK": "Retour",
        "PLAY_DESCRIPTION": "Créer une salle de jeux et jouer",
        "SETTINGS_DESCRIPTION": "Censure, Audience, & plus",
        "BACK_TO_PACK_DESCRIPTION": "Retour au Party Pack",
        "SETTINGS_TITLE": "PARAMÈTRES",
        "CONNECTING": "Connexion aux services de jeux Jackbox",
        "CONNECTING_DELAY": "Cela prend un certain temps...<br>Veuillez vérifier votre connexion Internet.",
        "GO_TO": "Aller à ",
        "JOIN_ON_YOUR_DEVICE": "sur votre appareil mobile pour rejoindre",
        "ENTER_ROOM_CODE": "et entrez le code de la salle",
        "READ_ROOM_CODE": "Lire le code de la salle",
        "POST_GAME_CHOICE_TITLE": "Rejouer ?",
        "EVERYBODY_S_IN": "Appuyez sur TOUT LE MONDE EST LA pour commencer!",
        "PRESS": "Appuyer",
        "TO_START": "Commencer",
        "TO_CANCEL": "Annuler",
        "TO_START_GAME": "Commencer",
        "TO_CANCEL_GAME": "Annuler",
        "JOIN_AUDIENCE": "Rejoindre le public!",
        "PLAY_AGAIN_WITH": "JOUER DE NOUVEAU AVEC",
        "SAME_PLAYERS": "MÊMES JOUEURS",
        "LOBBY_OR": "OU",
        "NEW_PLAYERS": "NOUVEAUX JOUEURS",
        "FULL_SCREEN": "Mode plein écran",
        "FULL_SCREEN_DESCRIPTION": "Faites en sorte que le jeu occupe la totalité de l'écran.",
        "VOLUME" : "Curseur de volume principal",
        "VOLUME_DESCRIPTION" : "Rend le jeu plus fort ou plus calme.",
        "VOLUME_HOST" : "Volume hôte",
        "VOLUME_HOST_DESCRIPTION" : "Baissez le volume de l'hôte si vous voulez être confus et seul.",
        "VOLUME_SFX" : "Volume SFX",
        "VOLUME_SFX_DESCRIPTION" : "Nous avons travaillé dur sur ces sons de pets, mais vous pouvez les baisser si vous voulez.",
        "VOLUME_MUSIC" : "Volume musique",
        "VOLUME_MUSIC_DESCRIPTION" : "Baissez le volume de notre super musique. Cela ne nous dérange pas.",
        "FAMILY_FRIENDLY" : "Familial",
        "FAMILY_FRIENDLY_DESCRIPTION" : "Allumez pour éviter le contenu le plus provocant... du jeu. Nous ne pouvons pas contrôler les joueurs.",
        "AUDIENCE" : "Audience",
        "AUDIENCE_MODE" : "Audience",
        "AUDIENCE_MODE_DESCRIPTION" : "Activez pour permettre aux non-joueurs de rejoindre et d'affecter le jeu.",
        "TWITCH_REQUIRED" : "Requérir Twitch",
        "TWITCH_REQUIRED_DESCRIPTION" : " Exigez que les joueurs soient connectés à Twitch pour rejoindre le jeu. ",
        "MANUAL_CENSORING" : "Censure manuelle",
        "MANUAL_CENSORING_DESCRIPTION" : "Permet au VIP (premier joueur entré) de censurer les réponses des joueurs.",
        "POSTGAME_SHARING" : "Partage post-jeu",
        "POSTGAME_SHARING_DESCRIPTION" : " Permettez aux joueurs de partager facultativement les réponses et les scores du jeu sur les médias sociaux. ",
        "START_GAMEPAD" : "Démarrer le jeu à partir de la manette uniquement",
        "START_GAMEPAD_DESCRIPTION" : "Les jeux doivent être lancés à partir de la manette, pas à partir des appareils des joueurs",
        "HIDE_ROOM_CODE" : "Autoriser le masquage du code de la salle",
        "HIDE_ROOM_CODE_DESCRIPTION" : "Permet de masquer le code de la salle pour empêcher les joueurs de se joindre à l'avance.",
        "CLOSED_CAPTION" : "Sous-titres",
        "CLOSED_CAPTION_DESCRIPTION" : " Affichez les sous-titres.",
        "SESSION_STATS" : "Statistiques de la session",
        "SESSION_STATS_DESCRIPTION" : "Statistiques de la session de la partie en cours (Ces statistiques seront réinitialisées lorsque vous quitterez le jeu.)",
        "TWITCH_STATS" : "Statistiques de Twitch",
        "TWITCH_STATS_DESCRIPTION" : "Stats des parties verrouillées par Twitch (Ces statistiques sont enregistrées même après que vous ayez quitté le jeu.)",
        "EXTENDED_TIMERS" : "Timers prolongés",
        "EXTENDED_TIMERS_DESCRIPTION" : "Active les minuteurs très longs. Recommandé uniquement pour les jeux en streaming.",
        "MAX_PLAYERS" : "Joueurs max",
        "MAX_PLAYERS_DESCRIPTION" : "Nombre de joueurs pouvant rejoindre la partie avant que des personnes ne soient ajoutées au public",
        "PLAYER_NAME" : "Nom du joueur",
        "HIGH_SCORE" : "Meilleur score",
        "AVERAGE_SCORE" : "Score moyen",
        "GAMES_PLAYED" : "Parties jouées",
        "GAMES_WON" : "Parties gagnées",

        "CENSOR" : "Censure",
        "CENSOR_CONTENT" : "Appuyez pour ignorer ce contenu.",
        "YOU_CENSORED" : "Tu as censuré.",
        "SKIPPING_REVEAL" : "Sauter la révélation.",
        "YOU_WROTE" : "Tu as écrit",
        "NO_GOING_BACK_NOW" : "Il n'y a pas de retour en arrière possible maintenant.",
        "PLAYER_DONE_WRITING" : "Veuillez attendre que les autres joueurs écrivent.",
        "PLAYER_DONE_CHOOSING" : "Veuillez attendre que les autres joueurs choisissent.",
        "PLAYER_DONE_LIKING" : "Veuillez attendre que les autres joueurs choisissent.",
        "AUDIENCE_VOTE_RESULTS" : "VOTE DU PUBLIC",
        "AUDIENCE_VOTE" : "Votez pour votre choix",
        "AUDIENCE_VOTE_DONE" : "Veuillez attendre que les autres joueurs fassent leur choix",
        "AUDIENCE_VOTES" : "VOTES DU PUBLIC",
        "YOU_ARE_THE_AUTHOR" : "Parmi tous les scénarios possibles, vous avez créé celui-ci. Huh.",
        "CHAPTER" : "Chapitre",
        "OF" : "de",
        "WAITING_ON_PLAYER" : "Toujours en attente des réponses de :",
        "PREDICTION_QUESTION" : "Pour les points bonus, quelle option pensez-vous que <PLAYER> choisira ?",
        "PREDICTION_CHOICE" : "Vous avez prédit que <PLAYER> choisira <ANSWER>.",
        "LIKES_QUESTION" : "Cette personne a-t-elle créé un scénario amusant ?",

        "WINNER_TITLE" : " GAGNANT ",
        "MOST_LIKES_TITLE" : " PLUS DE LIKES ",
        "WORST_LIAR_TITLE" : "PIRE MENTAL",
        "GULLIBLE_TITLE" : "LE PLUS CRÉDULE",
        "COMEDIAN_TITLE" : "COMÉDIEN",
        "LEAST_LIKED_TITLE" : "LE MOINS AIMÉ",
        "LIE_TITLE" : "MEILLEUR MENSONGE",
        "AUDIENCE_LIE_TITLE" : "MEILLEUR MENSONGE DU PUBLIC",
        "PERSONALITY_A_TITLE" : "MEILLEURE PERSONNALITÉ",
        "PERSONALITY_B_TITLE" : "MEILLEURE PERSONNALITÉ",
        "GRANDPA_TITLE" : "MEILLEUR GRAND-PÈRE DU MONDE",
        "AWKWARD_TITLE" : "MEILLEUR PRODUCTEUR DE MOMENTS GÊNANTS AU MONDE",
        "PHONE_TITLE" : "LA PERSONNE AYANT LE PLUS BESOIN D'UN NOUVEAU TÉLÉPHONE",
        "TRUE_FACT_TITLE" : "FAIT VRAI #",

        "WINNER_DESCRIPTION" : "<PlayerScore> Points",
        "MOST_LIKES_DESCRIPTION" : "<PlayerLikes> Likes",
        "WORST_LIAR_DESCRIPTION" : "N'a trompé des que <PlayersWhoVotedForMyLies> fois",
        "GULLIBLE_DESCRIPTION" : "A cru aux mensonges de <LiesVotedFor>",
        "COMEDIAN_DESCRIPTION" : "Beaucoup de likes. Pas tant de votes.",
        "LEAST_LIKED_DESCRIPTION" : "N'a obtenu que <PlayerLikes> likes",
        "PERSONALITY_A_DESCRIPTION" : "Ouaip, c'est ça, c'est <Nom du joueur>",
        "PERSONALITY_B_DESCRIPTION" : "Non, c'était un mensonge, c'est <PlayerName>",
        "GRAND-PÈRE_DESCRIPTION" : "Dix ans de suite",
        "AWKWARD_DESCRIPTION" : "Allons, <PlayerName>",
        "PHONE_DESCRIPTION" : "En attendant la fin de ce contrat",
        "PLASMA_DESCRIPTION" : "<PlayerName> a une fois vendu du plasma pour acheter un CD d'Eddy Mitchell",
        "HATES_GAME_DESCRIPTION" : "<PlayerName> déteste secrètement ce jeu",
        "CARDS_DESCRIPTION" : "<PlayerName> collectionne les cartes à collectionner de dentistes célèbres",
        "SOUP_DESCRIPTION" : "<PlayerName> avale de la soupe avec une fourchette",
        "DIRECTIONS_DESCRIPTION" : "<PlayerName> donne volontairement de mauvaises directions aux touristes",
        "AUDIENCE_LIE_DESCRIPTION" : "A trompé <PlayerWhoVotedForLie> joueurs",

        "LIKE": "LIKE",
        "LIKES": "LIKES",
        "SAYWHAT_TITLE": "RÉSEAU<br />SOCIAL<br />DE CÉLEBRITÉ",
        "PHOTO_TITLE": "IL EST TEMPS<br />DE REGARDER<br />CECI",
        "AUDIENCE_LABEL": "AUDIENCE",
        "VOTES_LABEL": "VOTES",
        "CENSORED": "CENSURÉ",

        "ERROR_MISSING_INPUT" : "Veuillez fournir des données dans tous les champs.",
        "ERROR_NOT_CENSORABLE" : "Ce choix ne peut pas être censuré.",

        "SKIP_TUTORIAL" : "Appuyez sur ceci pour sauter le tutoriel...",
        "SKIP" : "Passer",
        "SPLIT" : "SPLIT",
        "WHAT_S_YOUR_ANSWER" : "Quelle est ta réponse ?",
        "WAS_IT_DIFFICULT" : "À quel point cette décision a-t-elle été difficile ?",
        "YOU_CHOOSE" : "Tu choisis :"
    },
    "fr": {},
    "it": {},
    "de": {},
    "es": {}
}
}