{
    "table":{
    "en": {
        "LANGUAGE_NAME": "English",
        "LANGUAGE": "Language",
        "INTERNET_CONNECTED": "We've just found the internet.",
        "INTERNET_DISCONNECTED": "We're sorry, we can't seem to connect to the Jackbox Games servers.<br />Please check that your internet connection is working properly.",
        "ROOM_DESTROYED": "We're sorry, a network error occurred and your room was destroyed.<br />Please check that your internet connection is working properly.",
        "SOCKET_DISCONNECTED ": "We're sorry, we've lost your connection to the Jackbox Games servers.",
        "TIMEOUT": "We're sorry, we can't seem to connect to the Jackbox Games servers.<br />Please check that your internet connection is working properly.",
        "USER_DISCONNECT": "We're sorry, the server has disconnected you. Please try again.",
        "LOST_LICENSE": "We're sorry, we lost the license for this content!",
        "STEAM_ERROR": "We're sorry, we couldn't validate your Steam license.",
        "TWITCH_PRIME_ERROR": "We're sorry, we couldn't validate your Twitch Prime license.",
        "LOST_DLC": "We're sorry, the license for your DLC could not be found. Returning you to the menu...",
        "PAUSE_PAUSED": "PAUSED",
        "PAUSE_ARE_YOU_SURE": "DO YOU WANT TO EXIT?",
        "PAUSE_PROGRESS_LOST": "All current progress will be lost.",
        "PAUSE_YES": "EXIT",
        "PAUSE_NO": "RESUME",
        "CHOOSE_ON_DEVICE": "Choose on your device",
        "BACK": "Back",
        "CLOSE": "Close",
        "CANCEL": "Cancel",
        "SELECT": "Select",
        "OR": "Or",
        "ON": "On",
        "OFF": "Off",
        "HIDE": "Hide",
        "UNHIDE": "Unhide",
        "HIDDEN_ROOM_CODE": "?????",
        "JOIN": "Join!",
        "PLAY": "PLAY",
        "SETTINGS": "Settings",
        "BACK_TO_PACK": "Back",
        "PLAY_DESCRIPTION": "Create a game room & play",
        "SETTINGS_DESCRIPTION": "Censoring, Audience, & more",
        "GAME_PROGRESS": "Progress",
        "GAME_PROGRESS_DESCRIPTION": "See how you're doing with all the episodes we made.",
        "BACK_TO_PACK_DESCRIPTION": "Exit back to the Party Pack",
        "SETTINGS_TITLE": "SETTINGS",
        "LEADERBOARD_TITLE": "LEADERBOARD",
        "CONNECTING": "Connecting to jackbox games services",
        "CONNECTING_DELAY": "This is taking a while...<br />Please check your internet connection.",
        "GO_TO": "Go to",
        "ROOM_CODE":"Room Code",
        "JOIN_ON_YOUR_DEVICE": "on your mobile device to join in",
        "JOIN_THE_AUDIENCE": "Join the Audience",
        "ENTER_ROOM_CODE": "ENTREZ LE CODE",
        "READ_ROOM_CODE": "Read room code",
        "POST_GAME_CHOICE_TITLE": "What do you want to do now?",
        "EVERYBODYS_IN": "Press EVERYBODY'S IN to start!",
        "CHOOSE_ON_YOUR_DEVICE":"Choose on your device",
        "PRESS": "Press",
        "TO_START": "to start",
        "TO_CANCEL": "to cancel",
        "TO_START_GAME": "to start game",
        "TO_CANCEL_GAME": "to cancel game",
        "JOIN_AUDIENCE": "Join the audience!",
        "PLAY_AGAIN_WITH": "PLAY AGAIN WITH",
        "SAME_PLAYERS": "SAME PLAYERS",
        "LOBBY_OR": "OR",
        "NEW_PLAYERS": "NEW PLAYERS",
    
        "VOLUME": "Master Volume",
        "VOLUME_DESCRIPTION": "Adjust the master volume.",
        "VOLUME_HOST": "Host Volume",
        "VOLUME_HOST_DESCRIPTION": "Adjust the volume for the host.",
        "VOLUME_SFX": "SFX Volume",
        "VOLUME_SFX_DESCRIPTION": "Adjust the volume for sound effects.",
        "VOLUME_MUSIC": "Music Volume",
        "VOLUME_MUSIC_DESCRIPTION": "Adjust the volume for the music.",
        
        "FULL_SCREEN": "Full-screen Mode",
        "FULL_SCREEN_DESCRIPTION": "Make the game full-screen.",

        "AUDIENCE": "Audience",
        "AUDIENCE_MODE": "Audience",
        "AUDIENCE_MODE_DESCRIPTION": "Turn ON to allow non-contestants to join and affect the game.",
        
        "PASSWORD_PROTECTED": "Passworded Game",
        "PASSWORD_PROTECTED_DESCRIPTION": "Generate a password that players must enter to join the game.",
        "PASSWORD_PROTECTED_LABEL": "Game Password",
        
        "SKIP_TUTORIALS": "Skip Tutorials",
        "SKIP_TUTORIALS_DESCRIPTION": "Skip tutorial&nbsp;&nbsp;sections.",
        
        "FAMILY_FRIENDLY": "Family-Friendly",
        "FAMILY_FRIENDLY_DESCRIPTION": "Turn ON to avoid the game's more provocative content.",
        
        "TWITCH_REQUIRED": "Require Twitch",
        "TWITCH_REQUIRED_DESCRIPTION": "Require players to be logged into Twitch.",
        
        "POSTGAME_SHARING": "Post-Game Sharing",
        "POSTGAME_SHARING_DESCRIPTION": "Allow players to optionally share answers and scores from the game on social&nbsp;&nbsp;media.",
        
        "START_GAMEPAD": "Start Game from Controller Only",
        "START_GAMEPAD_DESCRIPTION": "Games must be started with controller, not from player devices.",
        
        "HIDE_ROOM_CODE": "Allow Room Code Hiding",
        "HIDE_ROOM_CODE_DESCRIPTION": "Allow the on-screen room code to be hidden.",
        
        "MAX_PLAYERS": "Max. Players",
        "MAX_PLAYERS_DESCRIPTION": "Number of players that can join the game before people are added to the audience.",
        
        "SUBTITLES": "Subtitles",
        "SUBTITLES_DESCRIPTION": "Display subtitles on the screen.",
        
        "PLAYER_CONTENT_FILTERING": "Filter Player Content",
        "PLAYER_CONTENT_FILTERING_DESCRIPTION": "Filter the things the players write, for hate speech or profanity, or not at all.",
        "PLAYER_CONTENT_FILTERING_OFF": "Off",
        "PLAYER_CONTENT_FILTERING_HATE_SPEECH": "Hate speech",
        "PLAYER_CONTENT_FILTERING_PROFANITY": "Profanity",
        
        "TARGET_MULTIPLIER": "Grading Curve",
        "TARGET_MULTIPLIER_DESCRIPTION": "Make it easier or harder to get a passing grade. (\"Normal\" is the default.)",
        
        "STORY_PARAGRAPH_0_HEADER": "CHALLENGE DE LA SEMAINE",
        "STORY_PARAGRAPH_1_HEADER": "OBJECTIF FAMILIAL",
        "STORY_PARAGRAPH_1_TEXT": "Atteignez le seuil de score de chaque jour pour obtenir une note. Terminez chaque tâche du défi pour obtenir un 'A'.",
        
        "EMERGENCY_CAUSED_BY":"L'EGOISME DE <PLAYER_NAME> A CAUSE CETTE CATASTROPHE",
        
        "CAT_NAME_CHANGE_PROMPT": "Si vous voulez changer le nom du chat, votez ci-dessous pour votre préféré !",
        
        "TARGET_MULTIPLIER_VERY_EASY": "Très facile",
        "TARGET_MULTIPLIER_EASY": "Facile",
        "TARGET_MULTIPLIER_NORMAL": "Normal",
        "TARGET_MULTIPLIER_HARD": "Difficile",
        "TARGET_MULTIPLIER_DEMONIC": "Démoniaque",
        "TARGET_MULTIPLIER_IMPOSSIBLE": "Impossible"
    },
    "fr": {},
    "it": {},
    "de": {},
    "es": {}
}
}