{    
    "StandardQuestionContainer/Appear": "SFX/Gameplay/QuestionOn",    
    "FibbageBlankie/Shrink" : "SFX/Gameplay/QuestionShrink",
    "RoundBumper/AppearA" : "SFX/Intro/TextOnPoints",
    "RoundBumper/AppearB" : "SFX/Intro/TextOnPoints",
    "ChooseCategory/Disappear" : "SFX/Gameplay/CategoryAway",
    "answerContainer/Appear" : "SFX/Gameplay/DecoysOnAll",
    "FibbageBlankie/ZoomIn" : "SFX/Gameplay/DecoyOnIndividual",
    
    "VideoTimerKernelDance/Pop": "SFX/Gameplay/MOVIE_PopcornTimer",
    "videoQuestionContainer/Countdown": "SFX/Gameplay/MOVIE_Countdown",
    "videoQuestionContainer/Question": "SFX/Gameplay/QuestionOn",
    "videoBumperContainer/Disappear": "SFX/Gameplay/MOVIE_IrisCloseOpen",
    "TVTurnOn": "SFX/Gameplay/MOVIE_TVON",
    "VideoTime/Appear": "SFX/Gameplay/MOVIE_PopcornTimerON",
    
    "GuesserAppear" : "SFX/Gameplay/GuesserAvatarON",

    "Jackbox" : "SFX/Avatars/Box",
    "Audience" : "SFX/Avatars/AudienceNest",
    "Avatar0" : "SFX/Avatars/RatShell",
    "Avatar1" : "SFX/Avatars/GooseTurtle",
    "Avatar2" : "SFX/Avatars/Skull",
    "Avatar3" : "SFX/Avatars/Crabmoth",
    "Avatar4" : "SFX/Avatars/PufferChicken",
    "Avatar5" : "SFX/Avatars/ShoebillCat",
    "Avatar6" : "SFX/Avatars/Frogbat",
    "Avatar7" : "SFX/Avatars/Eyeball"
}