{
    "table":{
    "en": {
        "LANGUAGE_NAME": "English",
        "LANGUAGE": "Language",
        "INTERNET_CONNECTED": "We've just found the internet.",
        "INTERNET_DISCONNECTED": "We're sorry, we can't seem to connect to the Jackbox Games servers.<br />Please check that your internet connection is working properly.",
        "ROOM_DESTROYED": "We're sorry, a network error occurred and your room was destroyed.<br />Please check that your internet connection is working properly.",
        "SOCKET_DISCONNECTED ": "We're sorry, we've lost your connection to the Jackbox Games servers.",
        "TIMEOUT": "We're sorry, we can't seem to connect to the Jackbox Games servers.<br />Please check that your internet connection is working properly.",
        "USER_DISCONNECT": "We're sorry, the server has disconnected you. Please try again.",
        "LOST_LICENSE": "We're sorry, we lost the license for this content!",
        "STEAM_ERROR": "We're sorry, we couldn't validate your Steam license.",
        "TWITCH_PRIME_ERROR": "We're sorry, we couldn't validate your Twitch Prime license.",
        "LOST_DLC": "We're sorry, the license for your DLC could not be found. Returning you to the menu...",
        "BACK": "Retour",
        "CLOSE": "Fermer",
        "CANCEL": "Annuler",
        "SELECT": "Sélectionner",
        "OR": "Ou",
        "ON": "On",
        "OFF": "Off",
        "HIDE": "Cacher",
        "UNHIDE": "Montrer",
        "JOIN": "Rejoindre !",
        "PLAY": "JOUER",
        "SETTINGS": "PARAMETRES",
        "BACK_TO_PACK": "RETOUR",
        "PLAY_DESCRIPTION": "Créer un salon et jouer",
        "SETTINGS_DESCRIPTION": "Censure, audience et bien plus !",
        "BACK_TO_PACK_DESCRIPTION": "Retourner au pack",
        "SETTINGS_TITLE": "PARAMETRES",
        "CONNECTING": "Connexion aux services Jackbox Games",
        "CONNECTING_DELAY": "Cela prend du temps...<br />Vérifiez votre connexion à internet.",
        "GO_TO": "Allez sur",
        "JOIN_ON_YOUR_DEVICE": "sur votre appareil mobile pour rejoindre",
        "ENTER_ROOM_CODE": "Code du salon",
        "POST_GAME_CHOICE_TITLE": "Que voulez-vous faire maintenant",
        "EVERYBODY_S_IN": "Appuyez sur TOUT LE MONDE EST LÀ pour commencer !",
        "PRESS": "Appuyez",
        "TO_START": "commencer",
        "TO_CANCEL": "annuler",
        "TO_START_GAME": "commencer la partie",
        "TO_CANCEL_GAME": "anuler la partie",
        "JOIN_AUDIENCE": "Rejoignez l'audience !",
        "PLAY_AGAIN_WITH": "Rejouer avec",
        "SAME_PLAYERS": "MÊMES JOUEURS",
        "LOBBY_OR": "ou",
        "NEW_PLAYERS": "NOUVEAUX JOUEURS",
        "FULL_SCREEN": "Jeu en plein écran",
        "FULL_SCREEN_DESCRIPTION": "Mettez votre jeu en plein écran",
        "VOLUME": "Volume principal",
        "VOLUME_DESCRIPTION": "Ajustez le volume global",
        "VOLUME_HOST": "Volume des voix",
        "VOLUME_HOST_DESCRIPTION": "Ajuste le volume des voix.",
        "VOLUME_SFX": "Volume des SFX",
        "VOLUME_SFX_DESCRIPTION": "Ajuste le volume des effets sonores.",
        "VOLUME_MUSIC": "Volume de la musique",
        "VOLUME_MUSIC_DESCRIPTION": "Ajuste le volume de la musique.",
        "FAMILY_FRIENDLY": "Family-Friendly",
        "FAMILY_FRIENDLY_DESCRIPTION": "Activez pour désactiver les phrases les plus provocatrices du jeu. Cependant, nous ne pouvons pas contrôller les réponses des joueurs.",
        "PASSWORDED_GAME": "Mot de passe",
        "PASSWORDED_GAME_DESCRIPTION": "Génère un mot de passe que les joueurs devront entrer pour entrer dans la partie.",
        "AUDIENCE": "Audience",
        "AUDIENCE_MODE": "Audience",
        "AUDIENCE_MODE_DESCRIPTION": "Turn on to allow non-players to join and affect the game.",
        "TWITCH_REQUIRED": "Require Twitch",
        "TWITCH_REQUIRED_DESCRIPTION": "Require players to be logged into Twitch.",
        "MANUAL_CENSORING": "Manual Censoring",
        "MANUAL_CENSORING_DESCRIPTION": "Allow the VIP (first player in) to censor players’ answers.",
        "POSTGAME_SHARING": "Post-Game Sharing",
        "POSTGAME_SHARING_DESCRIPTION": "Allow players to optionally share answers and scores from the game on social media.",
        "START_GAMEPAD": "Start Game from Controller Only",
        "START_GAMEPAD_DESCRIPTION": "Games must be started with controller, not from player devices.",
        "HIDE_ROOM_CODE": "Allow Room Code Hiding",
        "HIDE_ROOM_CODE_DESCRIPTION": "Allow the on-screen room code to be hidden.",
        "EXTENDED_TIMERS": "Extended Timers",
        "EXTENDED_TIMERS_DESCRIPTION": "Enable very long timers. Recommended only for streamed games.",
        "SKIP_TUTORIAL": "Skip Tutorials",
        "SKIP_TUTORIAL_DESCRIPTION": "Skip tutorial sections.",
        "MAX_PLAYERS": "Max Players",
        "MAX_PLAYERS_DESCRIPTION": "Number of players that can join the game.",
        "SUBTITLES": "Subtitles",
        "SUBTITLES_DESCRIPTION": "Display subtitles on the screen."
    },
    "fr": {
        "LANGUAGE_NAME": "English",
        "LANGUAGE": "Language",
        "INTERNET_CONNECTED": "We've just found the internet.",
        "INTERNET_DISCONNECTED": "We're sorry, we can't seem to connect to the Jackbox Games servers.<br />Please check that your internet connection is working properly.",
        "ROOM_DESTROYED": "We're sorry, a network error occurred and your room was destroyed.<br />Please check that your internet connection is working properly.",
        "SOCKET_DISCONNECTED ": "We're sorry, we've lost your connection to the Jackbox Games servers.",
        "TIMEOUT": "We're sorry, we can't seem to connect to the Jackbox Games servers.<br />Please check that your internet connection is working properly.",
        "USER_DISCONNECT": "We're sorry, the server has disconnected you. Please try again.",
        "LOST_LICENSE": "We're sorry, we lost the license for this content!",
        "STEAM_ERROR": "We're sorry, we couldn't validate your Steam license.",
        "TWITCH_PRIME_ERROR": "We're sorry, we couldn't validate your Twitch Prime license.",
        "LOST_DLC": "We're sorry, the license for your DLC could not be found. Returning you to the menu...",
        "BACK": "Retour",
        "CLOSE": "Fermer",
        "CANCEL": "Annuler",
        "SELECT": "Sélectionner",
        "OR": "Ou",
        "ON": "On",
        "OFF": "Off",
        "HIDE": "Cacher",
        "UNHIDE": "Montrer",
        "JOIN": "Rejoindre !",
        "PLAY": "JOUER",
        "SETTINGS": "PARAMETRES",
        "BACK_TO_PACK": "RETOUR",
        "PLAY_DESCRIPTION": "Créer un salon et jouer",
        "SETTINGS_DESCRIPTION": "Censure, audience et bien plus !",
        "BACK_TO_PACK_DESCRIPTION": "Retourner au pack",
        "SETTINGS_TITLE": "PARAMETRES",
        "CONNECTING": "Connexion aux services Jackbox Games",
        "CONNECTING_DELAY": "Cela prend du temps...<br />Vérifiez votre connexion à internet.",
        "GO_TO": "Allez sur",
        "JOIN_ON_YOUR_DEVICE": "sur votre appareil mobile pour rejoindre",
        "ENTER_ROOM_CODE": "Code du salon",
        "POST_GAME_CHOICE_TITLE": "Que voulez-vous faire maintenant",
        "EVERYBODY_S_IN": "Appuyez sur TOUT LE MONDE EST LÀ pour commencer !",
        "PRESS": "Appuyez",
        "TO_START": "commencer",
        "TO_CANCEL": "annuler",
        "TO_START_GAME": "commencer la partie",
        "TO_CANCEL_GAME": "anuler la partie",
        "JOIN_AUDIENCE": "Rejoignez l'audience !",
        "PLAY_AGAIN_WITH": "Rejouer avec",
        "SAME_PLAYERS": "MÊMES JOUEURS",
        "LOBBY_OR": "ou",
        "NEW_PLAYERS": "NOUVEAUX JOUEURS",
        "FULL_SCREEN": "Jeu en plein écran",
        "FULL_SCREEN_DESCRIPTION": "Mettez votre jeu en plein écran",
        "VOLUME": "Volume principal",
        "VOLUME_DESCRIPTION": "Ajustez le volume global",
        "VOLUME_HOST": "Volume des voix",
        "VOLUME_HOST_DESCRIPTION": "Ajuste le volume des voix.",
        "VOLUME_SFX": "Volume des SFX",
        "VOLUME_SFX_DESCRIPTION": "Ajuste le volume des effets sonores.",
        "VOLUME_MUSIC": "Volume de la musique",
        "VOLUME_MUSIC_DESCRIPTION": "Ajuste le volume de la musique.",
        "FAMILY_FRIENDLY": "Family-Friendly",
        "FAMILY_FRIENDLY_DESCRIPTION": "Activez pour désactiver les phrases les plus provocatrices du jeu. Cependant, nous ne pouvons pas contrôller les réponses des joueurs.",
        "PASSWORDED_GAME": "Mot de passe",
        "PASSWORDED_GAME_DESCRIPTION": "Génère un mot de passe que les joueurs devront entrer pour entrer dans la partie.",
        "AUDIENCE": "Audience",
        "AUDIENCE_MODE": "Audience",
        "AUDIENCE_MODE_DESCRIPTION": "Turn on to allow non-players to join and affect the game.",
        "TWITCH_REQUIRED": "Require Twitch",
        "TWITCH_REQUIRED_DESCRIPTION": "Require players to be logged into Twitch.",
        "MANUAL_CENSORING": "Manual Censoring",
        "MANUAL_CENSORING_DESCRIPTION": "Allow the VIP (first player in) to censor players’ answers.",
        "POSTGAME_SHARING": "Post-Game Sharing",
        "POSTGAME_SHARING_DESCRIPTION": "Allow players to optionally share answers and scores from the game on social media.",
        "START_GAMEPAD": "Start Game from Controller Only",
        "START_GAMEPAD_DESCRIPTION": "Games must be started with controller, not from player devices.",
        "HIDE_ROOM_CODE": "Allow Room Code Hiding",
        "HIDE_ROOM_CODE_DESCRIPTION": "Allow the on-screen room code to be hidden.",
        "EXTENDED_TIMERS": "Extended Timers",
        "EXTENDED_TIMERS_DESCRIPTION": "Enable very long timers. Recommended only for streamed games.",
        "SKIP_TUTORIAL": "Skip Tutorials",
        "SKIP_TUTORIAL_DESCRIPTION": "Skip tutorial sections.",
        "MAX_PLAYERS": "Max Players",
        "MAX_PLAYERS_DESCRIPTION": "Number of players that can join the game.",
        "SUBTITLES": "Subtitles",
        "SUBTITLES_DESCRIPTION": "Display subtitles on the screen."
    },
    "it": {},
    "de": {},
    "es": {}
}
}