{
  "table": {
    "en": {
      "LANGUAGE_NAME": "Français",
      "LANGUAGE": "Langue",
      "INTERNET_CONNECTED": "Nous venons de trouver l'Internet.",
      "INTERNET_DISCONNECTED": "Nous sommes désolés, nous n'arrivons pas à nous connecter aux serveurs de Jackbox Games.<br>Veuillez vérifier que votre connexion internet fonctionne correctement.",
      "ROOM_DESTROYED": "Nous sommes désolés, une erreur réseau s'est produite et votre chambre a été détruite.<br>Veuillez vérifier que votre connexion internet fonctionne correctement.",
      "SOCKET_DISCONNECTED ": "Nous sommes désolés, nous avons perdu votre connexion aux serveurs de Jackbox Games.",
      "TIMEOUT": "Nous sommes désolés, nous n'arrivons pas à nous connecter aux serveurs de Jackbox Games.<br>Veuillez vérifier que votre connexion internet fonctionne correctement.",
      "USER_DISCONNECT": "Nous sommes désolés, le serveur vous a déconnecté. Merci d'essayer de nouveau.",
      "LOST_LICENSE": "Nous sommes désolés, nous avons perdu la licence pour ce contenu!",
      "STEAM_ERROR": "Nous sommes désolés, nous n'avons pas pu valider votre licence Steam.",
      "TWITCH_PRIME_ERROR": "Nous sommes désolés, nous n'avons pas pu valider votre licence Twitch Prime.",
      "LOST_DLC": "Nous sommes désolés, la licence de votre DLC n'a pas pu être trouvée. Vous retournez au menu...",
      "PAUSE_PAUSED": "PAUSE",
      "PAUSE_ARE_YOU_SURE": "VOULEZ-VOUS QUITTER?",
      "PAUSE_PROGRESS_LOST": "Tous les progrès actuels seront perdus.",
      "PAUSE_YES": "SORTIE",
      "PAUSE_NO": "REPRENDRE",
      "CHOOSE_ON_DEVICE": "Choisissez sur votre appareil",
      "BACK": "Précédent",
      "CLOSE": "Fermer",
      "CANCEL": "Annuler",
      "SELECT": "Sélectionner",
      "OR": "Ou",
      "ON": "On",
      "OFF": "Off",
      "HIDE": "Cacher",
      "UNHIDE": "Afficher",
      "HIDDEN_ROOM_CODE": "?????",
      "JOIN": "Rejoindre!",
      "PLAY": "JOUER",
      "TMI": "JOUER",
      "SETTINGS": "PARAMÈTRES",
      "LEADERBOARD": "Classement",
      "BACK_TO_PACK": "PRÉCÉDENT",
      "PLAY_DESCRIPTION": "Créer une salle de jeux et jouer",
      "TMI_DESCRIPTION": "Jouer à un tout nouveau mode qui est dédié aux joueurs",
      "SETTINGS_DESCRIPTION": "Modération, Audience, et plus",
      "LEADERBOARD_DESCRIPTION": "",
      "BACK_TO_PACK_DESCRIPTION": "Retour au Party Pack",
      "SETTINGS_TITLE": "PARAMÈTRES",
      "LEADERBOARD_TITLE": "CLASSEMENT",
      "CONNECTING": "Connexion aux services de jeux jackbox",
      "CONNECTING_DELAY": "Cela prend un certain temps...<br>Veuillez vérifier votre connexion Internet.",
      "GO_TO": "ALLER À",
      "JOIN_ON_YOUR_DEVICE": "sur votre appareil mobile pour rejoindre",
      "ENTER_ROOM_CODE": "ENTREZ LE CODE DE LA SALLE",
      "POST_GAME_CHOICE_TITLE": "Que voulez-vous faire maintenant?",
      "EVERYBODY_S_IN": "Appuyez sur EVERYBODY'S IN pour commencer!",
      "EVERYBODY_S_IN_BUTTON": "EVERYBODY'S IN",
      "PRESS": "Appuyer",
      "TO_START": "pour commencer",
      "TO_CANCEL": "pour annuler",
      "TO_START_GAME": "pour démarrer le jeu",
      "TO_CANCEL_GAME": "pour annuler le jeu",
      "JOIN_AUDIENCE": "Rejoindre le public!",
      "PLAY_AGAIN_WITH": "JOUER DE NOUVEAU AVEC",
      "SAME_PLAYERS": "LES MÊMES JOUEURS",
      "LOBBY_OR": "OU",
      "NEW_PLAYERS": "DE NOUVEAUX JOUEURS",
      "WAIT": "Asseyez-vous et détendez-vous!",
      "VIP_WAITING": "En attente que tous les joueurs rejoignent",
      "VIP_POST_GAME": "Qu'aimeriez-vous faire maintenant?",
      "CHANGE_NAME": "Changer De Nom",
      "ENTER_NAME": "Entrez votre nom",
      "CHOOSE_CHARACTER": "Sélectionnez votre avatar",
      "CENSOR_OPTIONS": "Options de censure",
      "VIP_CANCEL": "Appuyez sur ce bouton pour annuler le début du jeu",
      "VOLUME": "Volume principal",
      "VOLUME_DESCRIPTION": "Réglez le volume principal.",
      "VOLUME_HOST": "Volume Hôte",
      "VOLUME_HOST_DESCRIPTION": "Réglez le volume de l'hôte.",
      "VOLUME_SFX": "Volume des effets sonores",
      "VOLUME_SFX_DESCRIPTION": "Réglez le volume pour les effets sonores.",
      "VOLUME_MUSIC": "Volume De La Musique",
      "VOLUME_MUSIC_DESCRIPTION": "Régler le volume pour la musique.",
      "FULL_SCREEN": "Mode plein écran",
      "FULL_SCREEN_DESCRIPTION": "Rendre le jeu en plein écran.",
      "AUDIENCE_MODE": "Public",
      "AUDIENCE_MODE_DESCRIPTION": "Activez pour permettre aux non-participants de se joindre et d'affecter le jeu.",
      "EXTENDED_TIMERS": "Chronomètres allongés",
      "EXTENDED_TIMERS_DESCRIPTION": "Activer les minuteries très longues. Recommandé uniquement pour les jeux en streaming.",
      "PASSWORD_PROTECTED": "Jeu avec mot de passe",
      "PASSWORD_PROTECTED_DESCRIPTION": "Générez un mot de passe que les joueurs doivent entrer pour rejoindre le jeu.",
      "PASSWORD_PROTECTED_LABEL": "Mot de Passe du Jeu",
      "TWITCH_REQUIRED": "Besoin de Twitch",
      "TWITCH_REQUIRED_DESCRIPTION": "Exiger que les joueurs soient connectés à Twitch.",
      "FILTER_US_CENTRIC": "Filtrer le Contenu Centré sur les US",
      "FILTER_US_CENTRIC_DESCRIPTION": "Réduisez le nombre de propos centrés sur les États-Unis.",
      "POSTGAME_SHARING": "Partage d'après-Match",
      "POSTGAME_SHARING_DESCRIPTION": "Permettre aux joueurs de partager éventuellement des réponses et des scores du jeu sur les médias sociaux.",
      "SKIP_TUTORIALS": "Ignorer les Tutoriels",
      "SKIP_TUTORIALS_DESCRIPTION": "Ignorer les sections du tutoriel.",
      "FAMILY_FRIENDLY": "Family-Friendly",
      "FAMILY_FRIENDLY_DESCRIPTION": "Allumez pour éviter le contenu plus provocateur du jeu. Pour contrôler l'entrée du lecteur, utilisez la MODÉRATION ou le FILTRE BLASPHÈME.",
      "FILTER_PLAYERNAME": "Filtre les propos incluant des noms de joueurs",
      "FILTER_PLAYERNAME_DESCRIPTION": "Supprime les propos qui ciblent un joueur spécifique dans le jeu.",
      "START_GAMEPAD": "Démarrer le jeu à partir de la manette Uniquement",
      "START_GAMEPAD_DESCRIPTION": "Les jeux doivent être démarrés avec le contrôleur, pas à partir d'appareils de joueur.",
      "HIDE_ROOM_CODE": "Autoriser le Masquage du Code de la Pièce",
      "HIDE_ROOM_CODE_DESCRIPTION": "Permet de masquer le code de la pièce à l'écran.",
      "MAX_PLAYERS": "Max. Joueurs",
      "MAX_PLAYERS_DESCRIPTION": "Nombre de joueurs qui peuvent rejoindre le jeu avant que les gens ne soient ajoutés au public.",
      "SUBTITLES": "Sous-Titres",
      "SUBTITLES_DESCRIPTION": "Afficher les sous-titres sur l'écran.",
      "STATIC_BACKGROUNDS": "Sensibilité au Mouvement",
      "STATIC_BACKGROUNDS_DESCRIPTION": "Réduisez la sensibilité au mouvement avec des arrière-plans moins animés.",
      "PLAYER_CONTENT_FILTERING": "Filtre de Blasphème",
      "PLAYER_CONTENT_FILTERING_OFF_DESCRIPTION": "Aucun texte de filtrage est activé.",
      "PLAYER_CONTENT_FILTERING_HATE_SPEECH_DESCRIPTION": "Les mots utilisés dans un discours haineux entraîneront le rejet de l'entrée. Le blasphème est autorisé.",
      "PLAYER_CONTENT_FILTERING_PROFANITY_DESCRIPTION": "Les mots utilisés dans les discours haineux et les blasphèmes entraîneront le rejet des entrées.",
      "PLAYER_CONTENT_FILTERING_OFF": "Off",
      "PLAYER_CONTENT_FILTERING_HATE_SPEECH": "Modéré",
      "PLAYER_CONTENT_FILTERING_PROFANITY": "Strict",
      "MODERATION": "Modération",
      "MODERATION_DESCRIPTION": "Générez un mot de passe que les modérateurs doivent saisir.<br>Les modérateurs rejoignent le jeu à mod.jackbox.tv.",
      "MODERATION_PASSWORD": "Mot de passe du modérateur",
      "AUDIENCE": "Public",
      "WAITING_FOR_MODERATION": "EN ATTENTE DE MODÉRATION",
      "MODERATOR": "MODÉRATEUR",
      "MODERATORS": "MODÉRATEUR",
      "WINNER_TITLE": "GAGNANT",
      "MOST_LIKES_TITLE": "PLUS DE LIKES",
      "WORST_LIAR_TITLE": "PIRE MENTEUR",
      "GULLIBLE_TITLE": "LE PLUS CRÉDULE",
      "COMEDIAN_TITLE": "COMÉDIEN",
      "LEAST_LIKED_TITLE": "LE MOINS AIMÉ",
      "LIE_TITLE": "MEILLEUR MENSONGE",
      "AUDIENCE_LIE_TITLE": "MEILLEUR MENSONGE DU PUBLIC",
      "PERSONALITY_A_TITLE": "MEILLEURE PERSONNALITÉ",
      "PERSONALITY_B_TITLE": "MEILLEURE PERSONNALITÉ",
      "GRANDPA_TITLE": "MEILLEUR GRAND-PÈRE",
      "AWKWARD_TITLE": "MEILLEUR PRODUCTEUR DE MOMENTS GÊNANTS",
      "PHONE_TITLE": "PLUS DANS LE BESOIN D'UN NOUVEAU TÉLÉPHONE",
      "TRUE_FACT_TITLE": "VRAI FAIT #",
      "READ_ROOM_CODE": "Lire le code de la salle",
      "WINNER_DESCRIPTION": "<PlayerScore> Points",
      "MOST_LIKES_DESCRIPTION": "<PlayerLikes> J'aime",
      "WORST_LIAR_DESCRIPTION": "Seulement Dupé Les Gens <PlayersWhoVotedForMyLies> Fois",
      "GULLIBLE_DESCRIPTION": "Cru à <LiesVotedFor> Mensonges",
      "COMEDIAN_DESCRIPTION": "Beaucoup de likes. Pas beaucoup de votes.",
      "LEAST_LIKED_DESCRIPTION": "Seulement obtenu <PlayerLikes> Likes",
      "PERSONALITY_A_DESCRIPTION": "Oui, c'est vrai, c'est <PlayerName>",
      "PERSONALITY_B_DESCRIPTION": "Non, c'était un mensonge, c'est <PlayerName>",
      "GRANDPA_DESCRIPTION": "Dix ans",
      "AWKWARD_DESCRIPTION": "Allez, <PlayerName>",
      "PHONE_DESCRIPTION": "En attendant la fin de ce contrat",
      "PLASMA_DESCRIPTION": "<PlayerName> a une fois vendu du plasma pour acheter un CD de Garth Brooks",
      "HATES_GAME_DESCRIPTION": "<PlayerName > déteste secrètement ce jeu",
      "CARDS_DESCRIPTION": "<PlayerName> collectionne les cartes à collectionner de dentistes célèbres",
      "SOUP_DESCRIPTION": "<PlayerName> mange de la soupe avec une fourchette",
      "DIRECTIONS_DESCRIPTION": "<PlayerName > donne délibérément aux touristes de mauvaises directions",
      "AUDIENCE_LIE_DESCRIPTION": "Dupé <PlayersWhoVotedForLie> Joueurs",
      "LIKE": "LIKE",
      "LIKES": "LIKES",
      "SAYWHAT_TITLE": "CÉLÉBRITÉ<br>RÉSEAUX<br>SOCIAUX",
      "PHOTO_TITLE": "IL EST TEMPS DE<br>REGARDER<br>CELA",
      "RUSSIAN_TITLE": "Игра лжи",
      "AUDIENCE_LABEL": "PUBLIC",
      "VOTES_LABEL": "VOTES",
      "CENSORED": "CENSURÉ",
      "TMI_STANDARD_ROUND_GAME_INSTRUCTION": "Répondez honnêtement au texte sur votre appareil.",
      "TMI_FINAL_ROUND_GAME_INSTRUCTION": "Soumettez une vérité et un mensonge sur vous-même.",
      "TMI_FINAL_ROUND_CONTROLLER_INSTRUCTION": "Écrivez une vérité au sujet de vous-même!",
      "ERROR_MISSING_INPUT": "Veuillez compléter tous les champs.",
      "ERROR_CLOSE_TO_TRUTH": "Vous êtes trop près de la vérité, entrez autre chose.",
      "ERROR_SAME_TRUTH_AND_LIE": "Vous ne pouvez pas entrer la même chose pour votre vérité et mensonge.",
      "ERROR_NOT_CENSORABLE": "Ce choix ne peut pas être censuré.",
      "DRAWING_EMPTY": "Vous devez dessiner quelque chose",
      "NAME_CHARACTER": "Nom",
      "SUBMIT_CHARACTER": "Soumettre",
      "SUBMIT": "SOUMETTRE",
      "DRAW_CHAMPION_PROMPT": "Créer <b>%s </b>",
      "DRAW_CHALLENGER_PROMPT": "Analysez votre adversaire et créez un challenger.",
      "CHARACTER_NAME_IS": "<center>%s</center>",
      "TWO_CHARS_VOTE_PROMPT": "Qui est <br>Le Champion %s",
      "WINNER_PROMPT": "Le gagnant est %s <br>Tiré par %s<br> Avec %s votes",
      "UNDERDOG_LABEL_TEXT": "OUTSIDER",
      "WINNER_BONUS_LABEL_TEXT": "BONUS GAGNANT",
      "ULTIMATE_WINNER_BONUS": "CHAMP'D UP BONUS",
      "HERO_BONUS_LABEL_TEXT": "BONUS HÉROS",
      "BONUS_LABEL_TEXT": "BONUS",
      "ENTER_TITLE_FOR_CHAMPION": "Trouvez un titre pour le champion.<br>Nom du champion: %s",
      "LOSING_CHARACTER_TITLE_PROMPT": "Écrivez un nouveau titre pour le champion. <br>Nom du champion: %s",
      "LOSING_CHARACTER_TITLE_PLACEHOLDER": "Entrez un nouveau titre pour le champion",
      "LOSING_CHARACTER_TITLE_DONE_TEXT": "Votre nouveau titre est entré!",
      "NEW_CHAMPION_TITLE": "Le Champion %s",
      "LOBBY_PROMPT_CHOOSE_AVATAR": "Choisissez votre avatar en le sélectionnant, puis en appuyant sur soumettre<br> AVATAR SÉLECTIONNÉ ACTUEL: %s",
      "SELECT_AVATAR_BUTTON_TEXT": "Soumettre (Choisissez cet avatar)",
      "SCOREBOARD_TITLE": "SCORES",
      "SKIP_INTRODUCTION": "Passer le didacticiel?",
      "SKIP": "SAUTER",
      "SCOREBOARD_TEXT": "MI-TEMPS",
      "MONEY_SYMBOL": "$",
      "SWAP_CHARACTER_PROMPT": "Échangez votre personnage ou gardez-le<br>Nouveau Titre: Le Champion <br>%s",
      "NO_SWAP_BUTTON_TEXT": "GARDER LE JOUEUR (pour un bonus)",
      "SURVEY_PROMPT_ONE": "",
      "SURVEY_QUESTION_ONE": "Êtes-vous pour %s ?",
      "SURVEY_ANSWER_APPROVE": "Oui",
      "SURVEY_ANSWER_REJECT": "Non",
      "SURVEY_PROMPT_TWO": "",
      "SURVEY_QUESTION_TWO": "Votez sur ce que vous voulez que le panneau de %s dise.",
      "SURVEY_QUESTION_TWO_POSITIVE": [
        "MON CHAMPION",
        "NOTRE NOUVEAU ROI",
        "EN FEU",
        "TU ES TOUT POUR MOI",
        "SIGNE MON BÉBÉ!",
        "GUCCI",
        "MON CRUSH",
        "MORTEL",
        "MON HÉROS",
        "UN SAINT",
        "SOUS-CÔTÉ",
        "EN FEU",
        "FOU!",
        "NOUS VOUS AIMONS!",
        "NOUS NE SOMMES PAS DIGNES",
        "LA CRÈME DE LA CRÈME",
        "LA PERFECTION MÊME",
        "PLUS COOL QUE COOL",
        "MON ANGE GARDIEN",
        "TOP DU TOP MA PAROLE",
        "FUNKY FRAIS COOL",
        "LE CHAMPION DU PEUPLE",
        "ON EST DERRIÈRE VOUS",
        "SUPER COOL FANTASTIQUE",
        "NOUS NOUS BAIGNONS DANS VOTRE GLOIRE!"
      ],
      "SURVEY_QUESTION_TWO_NEGATIVE": [
        "TROP BASIQUE!",
        "NUUUUUUUL!",
        "CHIAAAAAAAAANT!",
        "PAS FAN!",
        "SUR-CÔTÉ",
        "VOUS ÊTES BÉBÊTE!",
        "BOOOOOO",
        "VOUS ME RENDEZ TRISTE!",
        "MON ENNEMI #1",
        "JE PASSE!",
        "PARTEZ MAINTENANT!",
        "L'ARBITRE EST AVEUGLE",
        "OUF! NON MERCI",
        "QUI S'EN SOUCIE?",
        "LE MÉCHANT A GAGNÉ",
        "DESCENDEZ DE LA SCÈNE!",
        "TERRIBLE CHOIX",
        "LE FLÉAU DE MON EXISTENCE",
        "QUEL COQUIN",
        "UNE PARODIE",
        "UN FEU DE BENNE À ORDURES",
        "TRICHEUR!",
        "BAAAAAAAAAAILLE",
        "LE CONTRAIRE DE BIEN",
        "LA MAUVAISE PERSONNE A GAGNÉ"
      ],
      "SURVEY_PROMPT_THREE": "",
      "SURVEY_QUESTION_THREE": "Votez sur ce que vous voulez que le panneau de %s dise.",
      "SURVEY_QUESTION_THREE_ATTRIBUTES": [
        "ÉPOUSEZ-MOI",
        "LE MEILLEUR",
        "MON HÉROS",
        "LE MVP",
        "VOUS ME FAITES PEUR",
        "SOUS-CÔTÉ",
        "VOUS GÉREZ",
        "APPORTEZ DE LA DOULEUR",
        "MERCI DE M'ADOPTER",
        "SIGNEZ MON CASTING",
        "JE T'AIME",
        "JE SUIS VOTRE #1 FAN",
        "JE SUIS DERRIÈRE TOI",
        "PUIS-JE AVOIR VOTRE #?",
        "L'ÉLU",
        "ALLEZ AU BAL AVEC MOI",
        "VOUS MIGNON",
        "TERRIFIANT",
        "AÏE",
        "SUR-CÔTÉ",
        "C'EST UN SIGNE",
        "JEAN 3:16",
        "BOOOOOOO!",
        "J'AI BESOIN D'UN RETOUR À LA MAISON",
        "JE CHERCHE L'ATTENTION",
        "VEUILLEZ ME RECONNAÎTRE",
        "BOUGEZ, VIEILLARDS",
        "MA LIGNE ME DÉTESTE",
        "CARBURANT POUR CAUCHEMAR",
        "L'AMOUR À PREMIÈRE VUE",
        "APPLAUDISSEMENTS IRONIQUES",
        "COMMENCÉ À PARTIR DU BAS",
        "IL A BESOIN DE PLUS DE TEMPS D'INCUBATION",
        "JE PASSE",
        "UN SPÉCIMEN PARFAIT",
        "NOTRE SAUVEUR",
        "METTEZ LE LOIN DE MOI",
        "J'AI BESOIN D'UN ADULTE",
        "ENFERMEZ-LE",
        "JE ME SUIS URINÉ DESSUS",
        "ÇA MOI",
        "ENCADREZ-LE!",
        "CELA EXISTE MAINTENANT",
        "OH NOOOOOOOON",
        "UN RENDU BRUT",
        "TRÈS AGRÉABLE",
        "C'EST UN SIGNE",
        "HEUREUX POUR VOUS",
        "BON ART",
        "C'EST MON PAPA",
        "JE RESSENS DES CHOSES",
        "NON MERCI",
        "UN GARÇON ÉPICÉ",
        "UNE TENTATIVE A ÉTÉ FAITE",
        "BONNE STRUCTURE OSSEUSE",
        "À TUER AVEC LE FEU!",
        "QU'A TU CRÉÉ MISÉRABLE",
        "OBSCÈNE MAIS SEXY",
        "JOLIS TRAITS",
        "METTRE LA RAGE DANS TIRAGE AU SORT",
        "CET ÉVÉNEMENT EST GRATUIT ET J'AI PAYÉ TROP CHER",
        "*APPLAUDISSEMENTS POLIS*",
        "IL A SA PLACE DANS UN MUSÉE",
        "AAGH, MES YEUX INNOCENTS",
        "EN DESSOUS DE LA CEINTURE",
        "ALLEZ CHERCHER LES FOURCHES",
        "JE SUIS LE PUBLIC CIBLE",
        "L'ART EST SUBJECTIF",
        "DESSINE MIEUX",
        "UNE BEAUTÉ ENVOÛTANTE",
        "BELLE PERSONNALITÉ",
        "BEAUTÉ INTÉRIEURE POUR LA VICTOIRE!",
        "ATTAQUE FACILE",
        "J'AI DES QUESTIONS",
        "SIMPLEMENT FAUX",
        "CE N'EST PAS JUSTE",
        "NOUS NE SOMMES PAS DIGNES"
      ],
      "FLIP_CHARACTER_PROMPT": "Appuyez sur le bouton pour retourner la direction de votre personnage",
      "FLIP_CHARACTER_BUTTON_TEXT": "Retourner le personnage",
      "HIGHLIGHTS_DRAWN_BY": "dessiné par %s",
      "PLAYER_WIN_AUDIENCE_QUESTION_PROMPT": "Qui pensez-vous va gagner le match?",
      "GAME_WINNER_AUDIENCE_PREDICTION": "DU PUBLIC A PRÉDIT CELA",
      "NAME_ERROR_EMPTY": "Vous devez écrire quelque chose!",
      "NAME_CHARACTER_MODAL_TEXT": "Nommez votre %s",
      "CHAMPION": "Champion",
      "CHALLENGER": "Challenger",
      "CREATION_STEP_1_LABEL": "ÉTAPE 1",
      "CREATION_STEP_1_SUBTEXT": "Créer un Champion",
      "CREATION_STEP_2_LABEL": "ÉTAPE 2",
      "CREATION_STEP_2_SUBTEXT": "Créer un Challenger",
      "POST_GAME_INSTRUCTIONS_TEXT": "Les Anciens Personnages Peuvent Revenir",
      "RANK_1": "premier",
      "RANK_2": "deuxième",
      "RANK_3": "troisième",
      "RANK_4": "quatrième",
      "RANK_5": "cinquième",
      "RANK_6": "sixième",
      "RANK_7": "septième",
      "RANK_8": "huitième",
      "TEXT_DESCRIPTION_SKIP_OPTION": "Le VIP peut passer tout de suite.",
      "TEXT_DESCRIPTION_PLAYER_JOINED_VIP": "%s rejoint et est le VIP.",
      "TEXT_DESCRIPTION_PLAYER_VIP": "%s est le VIP.",
      "TEXT_DESCRIPTION_PLAYER_JOINED": "%s a rejoint.",
      "TEXT_DESCRIPTION_PLAYER_ENTERED": "%s est entré dans l'arène à partir du %s.",
      "TEXT_DESCRIPTION_LEFT": "gauche",
      "TEXT_DESCRIPTION_RIGHT": "droit",
      "TEXT_DESCRIPTION_MATCHUP_VOTE_WINNER": "%s par %s a remporté le %s avec %s % des voix et a reçu %s points.",
      "TEXT_DESCRIPTION_MATCHUP_VOTE_CHAMPD_WINNER": "%s par %s est le %s avec %s % des votes et a reçu %s points.",
      "TEXT_DESCRIPTION_MATCHUP_VOTE_RESULT": "%s par %s en tant que %s a reçu %d points.",
      "TEXT_DESCRIPTION_MATCHUP_WINNER_BONUS": "%s a remporté le %s pour %s points.",
      "TEXT_DESCRIPTION_MATCHUP_TAGOUT": "%s a été remplacé par %s.",
      "TEXT_DESCRIPTION_MATCHUP_TEAM_WIN": "%s et %s par %s ont gagné comme %ss avec %s pour cent du vote et ont reçu %s points.",
      "TEXT_DESCRIPTION_MATCHUP_TEAM_CHAMPD": "%s et %s par %s sont gagnants en tant que %ss avec %s % du vote et ont reçu %s points.",
      "TEXT_DESCRIPTION_MATCHUP_VOTE_RESULT_TEAM": "%s et %s par %s en tant que %ss ont reçu %s points.",
      "TEXT_DESCRIPTION_GAME_WINNER": "Le gagnant est %s avec %s points.",
      "TEXT_DESCRIPTION_GAME_WINNER_CHARACTER_NAMES": "Les noms des personnages du joueur gagnant sont:",
      "TEXT_DESCRIPTION_POST_GAME_CHARACTER_INFO": "%s dessiné par %s comme %s",
      "TEXT_DESCRIPTION_SCOREBOARD_PLAYER_RANK": "%s est %s avec %s points.",
      "TEXT_DESCRIPTION_CHAMPD_UP_ANIMATION": "%s a utilisé le finisseur %s.",
      "CONTROLLER_FILTER_REJECTED_TEXT": "Ce n'est pas autorisé, entrez autre chose!",
      "AUDIENCE_SURVEY_FINISHED_TEXT": "Je vous remercie pour votre contribution. Vous avez fait votre devoir civique!",
      "TIPS_AND_TRICKS": [
        "Besoin de plus de temps pour créer la vie? Accédez aux paramètres et activez les minuteries étendues.",
        "Prenez un moment pour digérer votre mission. La minuterie démarre lorsque la dernière personne commence à dessiner (max 15 secondes).",
        "Colorez vos personnages avec le marqueur épais pour vraiment mettre en valeur ces étrangetés.",
        "Fait une erreur de dessin? Bien sûr, vous l'avez fait. Appuyez sur le bouton Annuler dans le coin supérieur gauche.",
        "Votre pauvre personnage fait-il face à la mauvaise direction pendant la bataille? Retournez-les sur votre appareil.",
        "Vous jouez avec des inconnus? Vous pouvez activer l'outil de modération dans les paramètres.",
        "La création de personnages variés dans la première moitié est rentable pour la phase des remplacements."
      ],
      "TIPS_HIGH_FIDELITY": [
        "Si vous jouez une partie consécutive avec les mêmes joueurs, vous pouvez récupérer les personnages de votre jeu précédent."
      ]
    },
    "fr": {},
    "it": {},
    "de": {},
    "es": {}
  }
}