{
  "table": {
    "en": {
      "LANGUAGE_NAME": "Français",
      "LANGUAGE": "Langue",

      "INTERNET_CONNECTED": "On vient de trouver Internet.",
      "INTERNET_DISCONNECTED": "Nous sommes désolés, nous n'arrivons pas à nous connecter aux serveurs de Jackbox Games.<br>Veuillez vérifier que votre connexion internet fonctionne correctement.",
      "ROOM_DESTROYED": "Nous sommes désolés, une erreur réseau s'est produite et votre salle a été détruite.<br>Veuillez vérifier que votre connexion internet fonctionne correctement.",

      "ROOM_EXIT_CAUSE_LOBBY_TIMEOUT": "Nous sommes désolés, une erreur de réseau s'est produite et votre salle a été détruite.<br>Veuillez vérifier que votre connexion Internet fonctionne correctement. (Cause: 1)",
      "ROOM_EXIT_CAUSE_JOIN_TIMEOUT": "Nous sommes désolés, une erreur de réseau s'est produite et votre salle a été détruite.<br>Veuillez vérifier que votre connexion Internet fonctionne correctement. (Cause: 2)",
      "ROOM_EXIT_CAUSE_GAME_TIMEOUT": "Nous sommes désolés, une erreur de réseau s'est produite et votre salle a été détruite.<br>Veuillez vérifier que votre connexion Internet fonctionne correctement. (Cause: 3)",
      "ROOM_EXIT_CAUSE_DISCONNECT": "Nous sommes désolés, une erreur de réseau s'est produite et votre salle a été détruite.<br>Veuillez vérifier que votre connexion Internet fonctionne correctement. (Cause: 4)",
      "ROOM_EXIT_CAUSE_BY_REQUEST": "Nous sommes désolés, une erreur de réseau s'est produite et votre salle a été détruite.<br>Veuillez vérifier que votre connexion Internet fonctionne correctement. (Cause: 5)",
      "ROOM_EXIT_CAUSE_SHUTTING_DOWN": "Nous sommes désolés, une erreur de réseau s'est produite et votre salle a été détruite.<br>Veuillez vérifier que votre connexion Internet fonctionne correctement. (Cause: 6)",

      "SOCKET_DISCONNECTED ": "Nous sommes désolés, nous avons perdu votre connexion aux serveurs de Jackbox Games.",
      "TIMEOUT": "Nous sommes désolés, nous n'arrivons pas à nous connecter aux serveurs de Jackbox Games.<br>Veuillez vérifier que votre connexion internet fonctionne correctement.",
      "USER_DISCONNECT": "Nous sommes désolés, le serveur vous a déconnecté. Merci d'essayer de nouveau.",
      "LOST_LICENSE": "Nous sommes désolés, nous avons perdu la licence pour ce contenu!",
      "STEAM_ERROR": "Nous sommes désolés, nous n'avons pas pu valider votre licence Steam.",
      "TWITCH_PRIME_ERROR": "Nous sommes désolés, nous n'avons pas pu valider votre licence Twitch Prime.",
      "LOST_DLC": "Nous sommes désolés, la licence de votre DLC n'a pas pu être trouvée. Retour au menu...",

      "BACK": "Retour",
      "CLOSE": "Fermer",
      "CANCEL": "Annuler",
      "SELECT": "Sélectionner",
      "OR": "Ou",
      "ON": "Activé",
      "OFF": "Désactivé",
      "HIDE": "Cacher",
      "UNHIDE": "Afficher",
      "HIDDEN_ROOM_CODE": "?????",
      "JOIN": "Rejoindre!",
      "PLAY": "Jouer",
      "SETTINGS": "Paramètres",
      "BACK_TO_PACK": "Retour",
      "PLAY_DESCRIPTION": "Créer une salle de jeux et jouer",
      "SETTINGS_DESCRIPTION": "Censure, Audience, & plus",
      "BACK_TO_PACK_DESCRIPTION": "Retour au Party Pack",
      "SETTINGS_TITLE": "PARAMÈTRES",
      "CONNECTING": "Connexion aux services de jeux Jackbox",
      "CONNECTING_DELAY": "Cela prend un certain temps...<br>Veuillez vérifier votre connexion Internet.",
      "GO_TO": "Aller à ",
      "JOIN_ON_YOUR_DEVICE": "sur votre appareil mobile pour rejoindre",
      "ENTER_ROOM_CODE": "et entrez le code de la salle",
      "READ_ROOM_CODE": "Lire le code de la salle",
      "POST_GAME_CHOICE_TITLE": "Rejouer ?",
      "EVERYBODYS_IN": "En attente de %s pour commencer le jeu!",
      "WAITING_FOR_MORE": "%s joueurs nécessaires pour commencer!",
      "PRESS": "Appuyer",
      "TO_START": "Commencer",
      "TO_CANCEL": "Annuler",
      "TO_START_GAME": "Commencer",
      "TO_CANCEL_GAME": "Annuler",
      "JOIN_AUDIENCE": "Rejoindre le public!",
      "PLAY_AGAIN_WITH": "JOUER DE NOUVEAU AVEC",
      "PLAY_AGAIN": "Rejouer ?",
      "SAME_PLAYERS": "MÊMES JOUEURS",
      "LOBBY_OR": "OU",
      "NEW_PLAYERS": "NOUVEAUX JOUEURS",
      "LOBBY_HEADER_MESSAGE_PLAYERS_JOINED": "{CURRENT_PLAYERS}/{MAX_PLAYERS} joueurs rejoints",
      "LOBBY_STATUS_MESSAGE_WAITINGFORMORE": "{MIN_PLAYERS} joueurs requis pour commencer",
      "LOBBY_STATUS_MESSAGE_CANSTART": "Appuyez quand tout le monde est prêt",
      "LOBBY_STATUS_MESSAGE_COUNTDOWN": "Annuler le Début du Jeu",
      "LOBBY_STATUS_MESSAGE_WAITINGFORVIP": "Attendez {VIP} pour commencer le jeu!",
      "LOBBY_STATUS_MESSAGE_WAITINGFORGAMEPAD": "En attendant que le jeu commence!",

      "PRELOADING_ON_SCREEN_PROMPT": "Chargement...",

      "CONTROLLER_SIT_BACK": "ASSEYEZ-VOUS ET DÉTENDEZ-VOUS",
      "CONTROLLER_WAIT_FOR_PLAYERS": "ATTENDEZ LES AUTRES JOUEURS",
      "CONTROLLER_PRESS_EVERYBODYS_IN": "",
      "CONTROLLER_EVERYBODYS_IN": "<div>APPUYEZ QUAND</div><div>TOUT LE MONDE EST PRÊT!</div>",
      "CONTROLLER_PRESS_CANCEL": "",
      "CONTROLLER_CANCEL": "<div>APPUYEZ SUR POUR</div><div>ANNULER LE DÉBUT DU JEU</div>",
      "CONTROLLER_POSTGAME_CHOICE": "VOULEZ-VOUS REJOUER?",
      "CONTROLLER_SAME_PLAYERS": "MÊMES JOUEURS",
      "CONTROLLER_NEW_PLAYERS": "NOUVEAUX JOUEURS",

      "LOBBY_SETTINGS": "Paramètres",
      "LOBBY_SETTINGS_ICON_MAX": "MAX",
      "LOBBY_SETTINGS_ICON_MOD_PLURAL": "MODES",
      "LOBBY_SETTINGS_ICON_MOD_SINGULAR": "MODE",

      "MODERATION_TIMER_LABEL": "En attente de Modération",

      "GLOBAL_ROOM_CODE_LABEL": "Code de la Salle",
      "GLOBAL_ROOM_CODE_CODE_LABEL": "Code<br>Room",
      "GLOBAL_ROOM_CODE_AUDIENCE_LABEL": "Audience",
      "GLOBAL_ROOM_CODE_REMINDER_LABEL": "Jack<br>bx<br>.tv",

      "AUDIENCE_SOUNDBOARD_PROMPT": "Appuyez sur un bouton à plusieurs reprises pour choisir où la foudre frappera. Les sons se déclencheront lorsque suffisamment de membres du public auront tapoté.",
      "AUDIENCE_SOUNDBOARD_COMPLETED_PREAMBLE": "frappé ",
      "AUDIENCE_SOUNDBOARD_OPTIONS": [
        "près d'un chat",
        "près d'une vache",
        "près d'un poulet",
        "près de la Reine",
        "près du majordome",
        "près d'une berline de taille moyenne",
        "près du chef",
        "près d'un éléphant",
        "près de Stephen Étrange",
        "près d'une chèvre",
        "près d'un gong",
        "près du Duc",
        "près d'Anthony Effrayé"
      ],

      "NAMING_PROMPT_TEXT": "Nommez votre complice secret",
      "NAMING_HEADER_TEXT": "INDICE: Un nom qui attirera l'attention, mais ne révélera pas que vous l'avez écrit.",
      "NAMING_PLACEHOLDER_TEXT": "écrivez ici",
      "NAMING_ERROR_TEXT": "Quelqu'un a déjà invité [guest]%s[/guest]. Écrivez un nom différent!",
      "NAMING_DONE_TEXT": "Votre complice, %s, a été invité.",

      "DRAWING_HEADER_TEXT": "Dessinez cette arme et cachez-y votre carte de visite:",
      "DRAWING_ERROR_TEXT": "Entrée non valide",
      "DRAWING_DONE_TEXT": "Merci!",

      "ATTEMPTED_MURDERS_LABEL": "TENTATIVES DE MEURTRE",
      "DETECTIVES_FOOLED_LABEL": "DÉTECTIVES DUPÉS",
      "CHIEF_INVESTIGATOR": "ENQUÊTEUR EN CHEF",

      "CHOOSING_MURDER_WEAPON_PROMPT_TEXT": "Choisissez une arme pour assassiner quelqu'un.",
      "CHOOSING_GUEST_PROMPT_TEXT": "Choisissez votre cible.",
      "CHOOSING_CREATOR_PROMPT_TEXT": "Devinez quel détective a amené %s.",
      "SMALL_PLAYER_MURDER_HINT": "[header]FAUX[/header]",
      "INCLUSIVE_MURDER_HINT": "[header]FAUX[/header][line]Ce n'était pas %s.[/line][header]INDICE[/header][line]%s fonctionne pour un autre joueur avec %s dans son nom.[/line]",
      "EXCLUSIVE_MURDER_HINT": "[header]FAUX[/header][line]Ce n'était pas %s.[/line][header]INDICE[/header][line]Le joueur pour lequel %s n'a pas de %s dans son nom.[/line]",
      "COOLING_DOWN_PROMPT_TEXT": "[section]Réessayez dans %d secondes...[/section]",

      "MURDERING_SUCCESSFUL_TEXT": "[line]CORRECTE[/line][lin]Vous avez assassiné %s (et gagné un point de meurtre.)[/line][line]Mais taisez-vous![/line]",
      "MURDERING_ERROR_TEXT": "Quelque chose a mal tourné",
      "MURDER_ATTEMPT_NOTIFICATION": "%d tentative de meurtre sur %s",
      "MURDER_ATTEMPTS_NOTIFICATION": "%d tentatives de meurtres sur %s",

      "AUDIENCE_STABBING_PROMPT_TEXT": "[header]Pendant que les détectives assassinent[/header][line]Poignardez dans le noir[/line]",
      "AUDIENCE_STABBING_BUTTON_TEXT": "POIGNARDER",
      "AUDIENCE_STABBING_MISS_MESSAGES": [
        "Vous avez manqué.",
        "Vous avez failli poignarder quelque chose.",
        "Rien cette fois-ci.",
        "Nan.",
        "Vous poignardez dans le vent, \"whoosh\".",
        "Un total gâchis d'une tentative de poignardement.",
        "Vous avez manqué. Mais personne ne l'a vu.",
        "Pas de chance.",
        "Continuez d'essayer, champion.",
        "Vous n'avez pas poignardé."
      ],
      "AUDIENCE_STABBING_HIT_MESSAGES": [
        "Vous avez entaillé le coude de quelqu'un!",
        "Vous avez frôlé une joue!",
        "Votre couteau est entré dans quelque chose et vous avez entendu un \"squelch\". Impossible de dire ce que c'était.",
        "Vous avez frappé de la chair! Mais c'était juste le cochon rôti sur la table du buffet.",
        "Vous avez poignardé les rideaux et vous vous êtes emmêlé comme un vrai bouffon.",
        "D'où vient toute cette colère?",
        "Succès! Vous avez tué quelqu'un dans le public. Cela n'affecte rien, à part votre propre sentiment de culpabilité.",
        "Vous avez tué \"Oncle Paul\" qui jouait à ce jeu avec ses neveux à Bouzolles. Les services auront lieu ce samedi à Sainte-Catherine.",
        "Vous avez poignardé votre propre cuisse et saignez abondamment.",
        "Vous vouliez poignarder, mais vous avez oublié ce que vous faisiez à mi-chemin et vous avez juste regardé dans le vide pendant un moment.",
        "Vous avez poignardé quelqu'un! Il s'avère que c'était votre âme sœur et, si vous veniez de vous présenter, vous auriez eu 50 longues et heureuses années ensemble. Mais au lieu de cela, vous l'avez poignardée.",
        "Vous avez poignardé Tom Hanks! Que faisait-il à cette fête ?! Heureusement, il va bien et est super sympa à ce sujet.",
        "Vous avez poignardé un certain Dr Tobias Evilone. Alors, merci?",
        "Votre couteau a coupé l'air et a tranché le mince éther entre les royaumes. Vous avez atteint une version de vous-même de l'univers parallèle nommée Hork Jr.",
        "Vous avez mis tout votre poids dans le couteau et vous êtes accidentellement jeté dans les escaliers de la cave.",
        "Alors que vous poignardiez, vous vous êtes rendu compte que vous poignardiez bizarrement? Même dans l'obscurité, vous pouvez dire que tout le monde vous juge.",
        "Votre couteau a effleuré le jean de quelqu'un, le transformant en un jean vieilli élégant.",
        "Vous avez essayé de poignarder, mais vous avez fini par jeter le couteau à travers la pièce. C'était très bruyant.",
        "Votre coup de couteau a fait exploser un ballon de fête, faisant peur à un enfant à proximité.",
        "Vous avez poignardé la perruque épaisse de quelqu'un et avez dû lui demander de rendre votre couteau. C'était gênant.",
        "Ouah!  Vous avez poignardé un oiseau qui venait de passer!  Vous êtes comme un ninja !",
        "L'air a été mortellement blessé par votre poussée.",
        "Vous crevez l'oeil de quelqu'un! J'espère que vous êtes heureux!",
        "Presseriez-vous si vigoureusement s'il s'agissait d'un bouton \"Câlin\"? Pensez-y.",
        "Vous avez accidentellement poignardé votre meilleur ami! Mais vous êtes assez proches pour pouvoir en rire, ce qui est génial."
      ],
      "VICTIM_WIDGET_VICTIM_TEXT": "Victime",
      "HURRY_UP_TIMER_TEXT": "DÉPÊCHEZ-VOUS, LE TEMPS S'ÉCOULE!",
      "VOTING_ON_CASE_PROMPT_TEXT": "Quelle affaire voulez-vous enquêter?",
      "VOTING_ON_CASE_CHOICE_TEXT": "Le meurtre de %s",
      "VOTING_ON_CASE_ERROR_TEXT": "choix invalide",
      "VOTING_ON_CASE_DONE_TEXT": "Merci!",
      "VOTING_ON_CASE_FOOTER_TEXT": "Vous avez commis un de ces meurtres. Essayez d'amener les joueurs à choisir l'autre.",
      "VOTING_ON_MURDERER_PROMPT_TEXT": "Selon vous, qui a tué %s?",
      "VOTING_ON_MURDERER_ERROR_TEXT": "choix invalide",
      "VOTING_ON_MURDERER_DONE_TEXT": "Merci!",
      "VOTING_ON_MURDERER_TIMER_WARNING": "Votez pour quelqu'un! Vite!",
      "PORTRAIT_DAY_REVEAL_SUBTEXT": "Le verdict est...",
      "PORTRAIT_COLDCASE_REVEAL_SUBTEXT": "Le meurtrier est...",

      "VERDICT_REVEAL_GUILTY_DETECTIVE": "C'est juste! Vous avez gagné un point de détective!",
      "VERDICT_REVEAL_GUILTY_MURDERER": "Vous gardez toujours votre point de meurtre.",
      "VERDICT_REVEAL_INNOCENT_DETECTIVE": "Si vous avez bien compris, vous avez gagné un point de détective. Mais vous ne le saurez pas maintenant.",
      "VERDICT_REVEAL_COLDCASE_MURDERER": "Vous avez trompé %d détectives ",

      "REMAINING_CASES_TEXT": "AFFAIRES RESTANTES",

      "COLDCASE_BUMPER_LEFT_TEXT": "Affaires",
      "COLDCASE_BUMPER_RIGHT_TEXT": "en cours ",

      "SCOREBOARD_DETECTIVE_TITLE": "Meilleur Détective",
      "SCOREBOARD_MURDERER_TITLE": "Meilleur Meurtrier",
      "SCOREBOARD_PARTYGOER_TITLE": "Meilleurs Complices",
      "SCOREBOARD_WINNER_TITLE": "Le Gagnant Global",

      "SCORECARD_MURDERS_SOLVED": "Meurtres Résolus!",
      "SCORECARD_VICTIMS": "Victime:",
      "SCORECARD_DETECTIVES_FOOLED": "joueurs dupés pendant les affaires",
      "SCORECARD_GUESTS_BROUGHT": "Les invités ont apporté:",
      "SCORECARD_MURDER_ATTEMPTS": "%dtentatives de Meurtre",
      "SCORECARD_FIRST_BONUS": "%dPremières fois",

      "LORD_TIPPET_NAME": "SEIGNEUR TIPPET",

      "INVESTIGATE_VOTE_INSTRUCTION": "Votez sur votre appareil maintenant!",
      "MURDERER_VOTE_INSTRUCTION": "Votez sur votre appareil maintenant!",
      "COLD_CASE_VOTE_INSTRUCTION": "Votez sur votre appareil maintenant!",

      "CREDITS_THEME_0": "Qu'est-ce que je vois",
      "CREDITS_THEME_1": "Est-ce si facile?",
      "CREDITS_THEME_2": "Regardez au plafond",
      "CREDITS_THEME_3": "Continuez à m'appeler",
      "CREDITS_THEME_4": "Personne n'est immortel",
      "CREDITS_THEME_5": "Aucune main n'est propre",
      "CREDITS_THEME_6": "Vous ne survivrez pas à ça",
      "CREDITS_THEME_7": "Au revoir, faites de beaux rêves…",
      "CREDITS_THEME_8": "J'ai trouvé votre carte de visite",
      "CREDITS_THEME_9": "Et je vous ai pris au dépourvu",
      "CREDITS_THEME_10": "Coupable, désolé, tout le monde sait",
      "CREDITS_THEME_11": "(Oui, nous savons)",
      "CREDITS_THEME_12": "Faites-moi virevolter dans la salle obscure",
      "CREDITS_THEME_13": "Suis-je le prochain ? Nous devons assumer",
      "CREDITS_THEME_14": "Armes dégainées—oh quelque chose ne va pas",
      "CREDITS_THEME_15": "Allez-vous rester? Fuyez!",
      "CREDITS_THEME_16": "La porte était fissurée",
      "CREDITS_THEME_17": "J'ai vu une ombre dans le hall",
      "CREDITS_THEME_18": "J'ai entendu vos pas",
      "CREDITS_THEME_19": "Vous ne m'avez pas remarqué du tout",
      "CREDITS_THEME_20": "Mais ce que vous m'avez dit",
      "CREDITS_THEME_21": "N'a jamais été vraiment réel",
      "CREDITS_THEME_22": "Car j'ai trouvé votre arme",
      "CREDITS_THEME_23": "Qu'est-ce que ça fait?",
      "CREDITS_THEME_24": "J'ai trouvé votre carte de visite",
      "CREDITS_THEME_25": "Et je vous ai pris au dépourvu",
      "CREDITS_THEME_26": "Vous avez même essayé de vous enfuir?",
      "CREDITS_THEME_27": "Allumez votre bougie, laissez-moi deviner",
      "CREDITS_THEME_28": "Voyez-vous les preuves?",
      "CREDITS_THEME_29": "Armes dégainées—oh quelque chose ne va pas",
      "CREDITS_THEME_30": "Bon argument, mais je suis innocent"
    },
    "fr": {},
    "it": {},
    "de": {},
    "es": {}
  }
}